{
  "/api/search/poi/stations?*": "/api/search",
  "/api/search/countries?*": "/api/countries",
  "/api/search/cities?*": "/api/cities",
  "/api/search/stations?*": "/api/stations",
  "/api/poi/stations/zux/attachments*": "/api/uploadedFiles",
  "/api/poi/stations/zux": "/api/stationDetails",
  "/api/poi/uploadedFiles/*": "/api/uploadedFiles",
  "/api/flight-schedule-info/*": "/api/flight-schedule-info",
  "/api/poi/attachment-types": "/api/attachment-types",
  "/api/poi/mapinfo*": "/api/mapPois",
  "/api/countries/geojson": "/api/geoJson",
  "/api/*": "/$1"
}
